Document_Num,Dominant_Topic,Topic_%_Contrib,Topic_Keywords,Text,Is_Outlier,Dom_Topics_Num,Topic_0,Topic_1,Topic_2,Topic_3,Topic_4,Topic_5,Topic_0_Perc,Topic_1_Perc,Topic_2_Perc,Topic_3_Perc,Topic_4_Perc,Topic_5_Perc
211,0,0.74,"land, communities, hcv, complainants, local, complaint, customary, allegations, process, clearing",allegations land grab sinar mas,False,1,1,0,0,0,0,0,0.74,0.02,0.07,0.03,0.12,0.03
131,0,0.84,"land, communities, hcv, complainants, local, complaint, customary, allegations, process, clearing",cleared planted land customary land new cess grand bassa county liberia seeking expand plantation free prior informed consent communities objecting carrying survey existing concession area,False,1,1,0,0,0,0,0,0.84,0.01,0.09,0.02,0.02,0.02
161,0,0.5,"land, communities, hcv, complainants, local, complaint, customary, allegations, process, clearing",synopsis sime darby received complaint operating violation principles criteria violation rspo’s new plantings procedure including acquiring lands respecting customary rights free prior informed consent customary land owners represented representative organisations choice p c 2 2 2 3 7 5 7 6 peoples’ land taken 7 5 7 6 clearing lands prior completion new plantings procedure npp,False,2,1,0,1,0,0,0,0.5,0.02,0.34,0.04,0.03,0.07
118,0,0.81,"land, communities, hcv, complainants, local, complaint, customary, allegations, process, clearing",1 land acquired planted agropama obtained fraudulent means 2 last july iterpa local autarchy jurisdiction state par officially informed almost landoccupiedby agropalma fact owed sate par land title registered name information directed court acar small city state par complainants agropalma dispute land rights iterpa informed agropalma settled complainants land state federal land 3 agropalma legally owna single hectare claim certification granted,False,1,1,0,0,0,0,0,0.81,0.02,0.08,0.03,0.05,0.02
117,0,0.47,"land, communities, hcv, complainants, local, complaint, customary, allegations, process, clearing",small holders affairs small holders affairs department nbpol acts mediator watchdog us small holder growers nbpol acknowledge department working personals within department assisted us throughout years one disgusting thing major dispute small holder department dont hear grievances small holder growers act mediator bring issue right management discuss issue round table come compromise beneficiary us industry instead department acts police suspend blocks allegation dispute even disputes grievances applied grievance forms squeezed thrown trash cans time department act dictator deprive privileges rights small holder grower speak unfair issues practicing implement agendas ideas interest undermine wellbeing freedom expression speech smallholder growers buffer zone exploitation nbpol exploiting 20 metre buffer zone limit photos shown kumbango plantation beside dagi river bank clearing new replant mighty dagi river caused enormous flooding great land mass devastation erosion due mass deforestations buffer zone exploitations river gone tinny kids everybody crossed river swimming today ankle deep walk across usually live side river river livelihood waste disposal river kumbango plantation workers dumping waste metal junks workshop junks dagi river bank photos shown workshop waste thrown beside roadside 20 metres away dagi river bank bio gas electricity power plant set two 2 bio gas electricity power plants one mosa mill one kumbango mill plants generate enormous supply electricity enough feed whole province surplus plants act step electricity supply electricity commission png rakes pgk millions monthly basis small holder growers left income revenue plant run waste ffb supply dont share us income revenue least must feed electricity supply respective homes well part beneficiaries development photos plants shown exessive deductions placing excessive deductions small ffb income revenue run operation toils watered receive lousy pgk 170 per pay day even though price high world market us dollars lousy pgk 170 equivalent lousy usd50 pricing formulai kindly ask board panel help small holder growers liaise review pricing formula using pay growers review contract agreement contract agreement smallholder growers set place harrisons crossfield australian government early stages development project 1967 policies agreements set place beneficiary gain manipulating colonial mindset benefits ruling masters agreement placed smallholder growers awkward position power say treated slaves government industry even though positive economic input constant economic development country world whole supplying steady tonnage ffb weekly basis sincerely urge board assist us reviewing contract agreement roundtable hoskins growers association opga agreement must satisfactory parties protocols humanitarian wellbeing general humanitarian welfare sustainabilitythis forty eight 48 year hoskins project since 1967 project trained us good growers adhering protocols principles industry prolonged time early days board set place yet taught general practice principles dpi maintain cleanliness blocks homes drinking water custody land title form pay rental fees maintaining boundary pegs maintaining 100 metres buffer zone apply fertilizers like ammonium phosphate ammonium nitrite process harvesting upkeeping selective weeding use chemicals tools policies trespassing unnecessarily blocks given consent owner maintaining friendly peaceful environment things thought return receive higher income enhance stabilize living standards modernize standard hard labor work vain price ffb still lowest rates since started 1967 even went zero rates years back cost living high accumulating prices goods services government gst taxes every goods services high school fees demand accumulating extended families living single block ffb price pay receiving cannot sustain accumulating necessities life tell truth right surviving subsistence gardening little bits reserve land otherwise weve dead preach talk commodity dealing working must sustainable enough meet standards demands every parties involved primary producer commodity must sustained end user must sustained satisfied even cannot savings start spinoff businesses throughout years toil nothing us search optional means ways sustainable income start profitable businesses live run homes proper water sanitation electricity proper health care life insurance cover proper working machineries even cant employ laborers help us manage work load due financial incapabilities heavy jobs done manually using strength pioneering fathers died young sorts body conditions like back problems knee problems eye problems heart kidney failures many undiagnosed ailments high body strain levels stabilize diets even many growers killed falling ffbs branches process harvesting others killed falling stumps poisoned unknowingly working compensation looses lives talk lets come together round table discuss underlying issues beneficiary sustainability us concept,False,2,1,0,1,0,0,0,0.47,0.03,0.35,0.07,0.04,0.05
111,0,0.81,"land, communities, hcv, complainants, local, complaint, customary, allegations, process, clearing",complainants agroup small holders independent farmers costa rica allege member palma tica sa breached criterion 1 1 commitment transparency say despite sending lettersent december15 2015 palmatica asking share results audit failed ii allege palma tica sa breached criterion 6 10 growers mills deal fairly transparently smallholder local businesses complaints results form allegations change purchase mechanism ffb last 17 years payment mechanism outdated transparent stated removal discretionary bonus replacement bono solidario bono done transparently address situation purchase price ffb,False,1,1,0,0,0,0,0,0.81,0.01,0.11,0.02,0.02,0.03
76,0,0.83,"land, communities, hcv, complainants, local, complaint, customary, allegations, process, clearing",allegation expansion land approximately 150 ha destruction local farm owned kelompok tani penghijauan tingang menteng deny compensation,False,1,1,0,0,0,0,0,0.83,0.01,0.05,0.02,0.07,0.02
197,0,0.55,"land, communities, hcv, complainants, local, complaint, customary, allegations, process, clearing",various reports hcv clearances violations ioi subsidiaries ketapang indonesia greenpeace final countdown 9 18,False,1,1,0,0,0,0,0,0.55,0.02,0.2,0.05,0.06,0.12
26,0,0.83,"land, communities, hcv, complainants, local, complaint, customary, allegations, process, clearing",allegations formally accepted complaint follows 1 control influence activities ibzi holdings sdn bhd subsidiaries ibzi plantation sdn bhd aa sawit sdn bhd disclosed 2 disclosed total landbank controlled 3 mados holdings sdn bhd conducted land clearing prior hcv assessment approved assessor 4 potential racp liabilities currently extend non compliant land clearing hcvs hcs conducted related entities land clearing within related entities concessions conducted prior hcv assessment approved assessor and5 stated primary beneficial owner madoss holdings sdn bhd sultan state malaysia using third party proxy nadi mesra sdn bhd develop plantations hcv assessments conducted prior land clearing,False,1,1,0,0,0,0,0,0.83,0.01,0.09,0.02,0.02,0.03
2,0,0.8,"land, communities, hcv, complainants, local, complaint, customary, allegations, process, clearing",1 owns operates plantations conflicted contested rural lands montes de maria 2 diminished legal customary user rights region montes de mara fpic local communities 3 failed fulfil commitments ensure transparency providing necessary information interested parties 4 failed fulfil commitments use peaceful dispute resolution mechanisms instigate violence protect human rights defenders prevent reprisals 5 conducted non compliant land clearing resulted damage high conservation value hcv areas freshwater ecosystems region,False,1,1,0,0,0,0,0,0.8,0.01,0.11,0.03,0.02,0.02
51,0,0.92,"land, communities, hcv, complainants, local, complaint, customary, allegations, process, clearing",following initial diagnosis process allegations accepted complaint follows 1 commenced process request water concession corpamag autonomous corporation magdalena asked technical reports facilitate aforementioned request however filed request directly corpamag sending 2 followed request technical complete 2nd step corpamag insisted sending technical directly corpamag refused due lack trust upon receiving reviewing intentionally omitted draw water canal favors neighboring crop 3 disagreements plantation boundaries complainants ex husbands plantation land dispute alerted issue receive response take action resolve land dispute even informed 4 harassed intimidated sought explanation resolution,False,1,1,0,0,0,0,0,0.92,0.0,0.04,0.01,0.01,0.01
88,0,0.9,"land, communities, hcv, complainants, local, complaint, customary, allegations, process, clearing",allegations land clearing outside hgu operated communitys land compensation 6 505 42 ha operated appropriate permit,False,1,1,0,0,0,0,0,0.9,0.01,0.03,0.01,0.04,0.01
167,0,0.91,"land, communities, hcv, complainants, local, complaint, customary, allegations, process, clearing",land conflict ioi certification process new certifications suspended 1 4 11 parties agreed mediation mediator engaged dispute settlement facility mediation process stage 1 began september 2011 going note stage 1 conflict assessment agreement participate mediation stage would map dispute identifying parties participate mediation establish primary agenda issues require resolution would seek commitment key parties enter mediation establish agreement mediation team updates case found dsf,False,1,1,0,0,0,0,0,0.91,0.01,0.04,0.01,0.02,0.02
97,0,0.76,"land, communities, hcv, complainants, local, complaint, customary, allegations, process, clearing",brought forward issue fraudulent land title claimed land fraudulently sold cousin agro muara rupit subsidiary sipef,False,1,1,0,0,0,0,0,0.76,0.02,0.09,0.03,0.07,0.03
298,0,0.38,"land, communities, hcv, complainants, local, complaint, customary, allegations, process, clearing",june 15th 2021 forest peoples programme pusaka tuk indonesia walhi published titled demanding accountability listing case studies human rights abuses involving 10 operating indonesia,False,2,1,0,1,0,0,0,0.38,0.07,0.3,0.13,0.07,0.06
11,0,0.82,"land, communities, hcv, complainants, local, complaint, customary, allegations, process, clearing",allegations revolve around land issues evicted agricultural land elements intimidation local authorities process resolving disagreements aforementioned land dispute destroyed irrigation built government,False,1,1,0,0,0,0,0,0.82,0.01,0.08,0.03,0.05,0.02
171,0,0.55,"land, communities, hcv, complainants, local, complaint, customary, allegations, process, clearing",fpp complaint alleging breaches principles criteria gar including hcv fpic smallholder schemes indonesian law kartika prima cipta kpc west kalimantan,False,1,1,0,0,0,0,0,0.55,0.02,0.22,0.04,0.05,0.11
172,0,0.91,"land, communities, hcv, complainants, local, complaint, customary, allegations, process, clearing",grievances related land agreements smallholder schemes reduction environmental values social conflicts pts amnl bnm cng kgp,False,1,1,0,0,0,0,0,0.91,0.01,0.05,0.01,0.02,0.01
30,0,0.61,"land, communities, hcv, complainants, local, complaint, customary, allegations, process, clearing",1 complainants conducted land expansion 167 hectares imbo putui customary forest 2 complainants respondents used operational truck passing customary forest disturbing noise dust pollution disturbing growth trees along road cutting animal paths bear deer pangolin snake monitor lizard monkey cutting water paths 3 complainants action planting riverbank even middle river changed waterway planted former river stockpiled 4 complainants taking responsibility social economic ecological damage occurred imbo putui customary forest petapahan village 5 complainants changed natural shape rivers made straight 6 complainants destroying downstream river ecosystem imbo putui customary forest fertilizers pesticides and7 complainants claimed imbo putui customary forest conservation area hcv,False,1,1,0,0,0,0,0,0.61,0.02,0.25,0.04,0.03,0.04
89,0,0.67,"land, communities, hcv, complainants, local, complaint, customary, allegations, process, clearing",allegations lack transparency plasma scheme locations tapang tingang village dan kiungkang village sanggau west kalimantan,False,1,1,0,0,0,0,0,0.67,0.02,0.13,0.03,0.08,0.07
136,0,0.82,"land, communities, hcv, complainants, local, complaint, customary, allegations, process, clearing",acquisition collingwood plantation pte ltd kuala lumpur kepong bhdis breach national laws papua new guinea land question property collingwood bay communities claiming customary ownership said land,False,1,1,0,0,0,0,0,0.82,0.01,0.07,0.02,0.05,0.02
269,0,0.77,"land, communities, hcv, complainants, local, complaint, customary, allegations, process, clearing",ran wrote number allegations nafasindo related land conflict local communities,False,1,1,0,0,0,0,0,0.77,0.02,0.09,0.03,0.07,0.03
84,0,0.81,"land, communities, hcv, complainants, local, complaint, customary, allegations, process, clearing",allegation commenced planting activities proper consent local asam besar west kalimantan,False,1,1,0,0,0,0,0,0.81,0.01,0.12,0.02,0.02,0.02
115,0,0.58,"land, communities, hcv, complainants, local, complaint, customary, allegations, process, clearing",extractora la gloria sas planting former hacienda bellacruz today hacienda la gloria occupies 9 000 hectares municipalities la gloria pelaya tamalameque southern cesar department following rules comply following principles principle 1 1 given provide clear sufficient information regarding business principle 2 1 business declared colombian authorities crops planted environmental management plan forest reserve goes national business environmental regulations principle 2 2 property ownership claims areas extractora la gloria grows majority crops called question national international judicial bodies farming communities demanded formalization customary land rights violently denied paramilitary groups principle 2 3 business operations recognized rights farmers displacement victims contravention businesses duty guarantee free prior informed consent regarding land use principle 4 4 installing processing crops extractora la gloria affected cao alonso forest reserve buffer zone singarar el carmen simaa streams principle 5 2 avoided damaging cao alonso forest reserve buffer zone specially protected habitat installing crops reserves environmental buffer zone principle 6 4 neglected claimants despite fact affected business activities refused create negotiation platforms principle 6 13 benefited grave human rights violations vulnerable farmers forcefully displaced illegal armed actors publicly rejected threats intimidations claimants even requested constitutional court lift cautionary measures protecting victims,False,1,1,0,0,0,0,0,0.58,0.03,0.26,0.05,0.04,0.04
160,0,0.81,"land, communities, hcv, complainants, local, complaint, customary, allegations, process, clearing",complaint made sabah mills including mills owned member host plantations mills operating sabah complaint aimed extensive use calcium carbonate plantations alkalinisation acidic soil process splitting kernels extract seed calcium carbonate sourced sea demanded plantation process obtaining calcium carbonate triggered destruction corals turn results environmental degradation sea beds coast sabah,False,1,1,0,0,0,0,0,0.81,0.01,0.11,0.02,0.02,0.03
42,0,0.58,"land, communities, hcv, complainants, local, complaint, customary, allegations, process, clearing",complaint lodged result comments given respondents npp consultation resolved allegations withheld two important documents made available stakeholders principle transparency documents original draft 2011 hcv assessment respondents legal review commissioned secretariat,False,1,1,0,0,0,0,0,0.58,0.02,0.23,0.04,0.04,0.09
112,0,0.55,"land, communities, hcv, complainants, local, complaint, customary, allegations, process, clearing",allegations deforestation caused floods sima village irregularities including development environmental impact assessment land grabbing destroying sacred place dusun sagu indigenous people yerisiam failure following proper fpic process excessive use force violence using state security forces,False,1,1,0,0,0,0,0,0.55,0.04,0.25,0.07,0.05,0.04
361,0,0.51,"land, communities, hcv, complainants, local, complaint, customary, allegations, process, clearing",land conflict artha prigel subsidiary bukit barisan indah prima resulted death two members,False,1,1,0,0,0,0,0,0.51,0.05,0.2,0.09,0.1,0.05
25,0,0.61,"land, communities, hcv, complainants, local, complaint, customary, allegations, process, clearing",cleared high conservation value hcv areas one subsidiaries farinda bersaudara fdb tsh resources berhad submitted self declaration secretariat declare liability unintentional clearing hcv areas fdb undertake responsibility liability secretariat responded initiating independent ground verification conducted independent assessors pramitama bayu saputro nurul iman suansa july 2021 verify self declaration made,False,1,1,0,0,0,0,0,0.61,0.02,0.17,0.04,0.07,0.09
164,0,0.95,"land, communities, hcv, complainants, local, complaint, customary, allegations, process, clearing",taken possession native customary land consent owners therefore trespassing said lands wants return land acknowledged complaint indicated ready engage complainants bilateral negotiations response received despite many efforts contact enter dialogue ijm final email sent 11 jan 2012 seek response documentary evidence avail case closed 13 4 2012 due lack evidence response complainants,False,1,1,0,0,0,0,0,0.95,0.0,0.02,0.01,0.01,0.01
28,0,0.96,"land, communities, hcv, complainants, local, complaint, customary, allegations, process, clearing",amongst allegations fact identified follows forced members give rights land developed plantation thepromises made fulfilled around 2015 carried replanting deep peat areas area 4 000 ha coordination sungai enau village government head farmers respond communitys dispute despite communitys request meet resolve issues raised continues source produce land involving police police sent forced ordered workers continue harvesting argument police one police officers kicked individual recording video situation absent socialisation meeting relevant stakeholder officials despite invited sungai enau village government,False,1,1,0,0,0,0,0,0.96,0.0,0.01,0.0,0.01,0.0
122,0,0.56,"land, communities, hcv, complainants, local, complaint, customary, allegations, process, clearing",violates standard potentially indonesian law key violation consultation communities take place described npp documents affected communities participate hcv assessment seia hcv assessment technically flawed fpic process place amdal process carried accordance law sml yet obtained permits prerequisite land clearing,False,1,1,0,0,0,0,0,0.56,0.02,0.24,0.04,0.05,0.09
219,0,0.76,"land, communities, hcv, complainants, local, complaint, customary, allegations, process, clearing",ivo mas tunggal imt operating land compensation,False,1,1,0,0,0,0,0,0.76,0.01,0.06,0.02,0.11,0.03
86,0,0.62,"land, communities, hcv, complainants, local, complaint, customary, allegations, process, clearing",breached plasma scheme arrangement based plasma agreement 1997 perform necessary land certificate arrangement share profit sales ffb starting 2002 2014 allegation embezzled funds process land certification approximately 100 ha,False,1,1,0,0,0,0,0,0.62,0.02,0.13,0.04,0.11,0.08
341,0,0.58,"land, communities, hcv, complainants, local, complaint, customary, allegations, process, clearing",glp yet fulfill commitment allocate plasma land,False,1,1,0,0,0,0,0,0.58,0.03,0.13,0.04,0.13,0.09
13,0,0.6,"land, communities, hcv, complainants, local, complaint, customary, allegations, process, clearing",allegation pertaining plasma allocation ratio 80 20 based plasma agreement affected parties received 20 share revenue generated plasma land since 2010 till date,False,1,1,0,0,0,0,0,0.6,0.02,0.13,0.04,0.12,0.09
154,0,0.49,"land, communities, hcv, complainants, local, complaint, customary, allegations, process, clearing",golden veroleum liberia provided public notification 30 day consistent new planting procedures ii commenced land preparation new planting infrastructure developmentprior expiry minimum 30 day iii conducted comprehensive participatory independent social environmental impact assessment area concerned incorporate results relevant action plans see criteria 5 1 6 1 7 1 7 4 including identification primary forest b area required maintain c enhance one high conservation values hcvs local peoples land iv clearing land free prior informed consent customary land owners represented representative organizations choice p c 2 2 2 3 7 5 7 6 complaints panel panel reviewed evidence preliminary findings panel issue related butaw refer cp decision september 2015 closed monitoring status,False,2,1,0,1,0,0,0,0.49,0.02,0.37,0.05,0.03,0.05
153,0,0.89,"land, communities, hcv, complainants, local, complaint, customary, allegations, process, clearing",borneo surya mining jaya begun clearing land carrying new planting procedure ii acquired cleared local peoples land free prior informedconsent p c 2 2 2 3 7 5 7 6 iii failed negotiate compensate local people expropriation land p c 7 6,False,1,1,0,0,0,0,0,0.89,0.01,0.06,0.01,0.01,0.01
103,0,0.81,"land, communities, hcv, complainants, local, complaint, customary, allegations, process, clearing",1 land claim 1 member nanga suhaid mr saudi 2 land compensation claim 1 member nanga suhaid h kutai 3 water pollution kapuas river affecting fish farmers business production 4 conflict residents village head tanjung regarding water quality 5 conflict residents village head emperiang regarding land acquisition process,False,1,1,0,0,0,0,0,0.81,0.01,0.06,0.02,0.06,0.03
44,0,0.74,"land, communities, hcv, complainants, local, complaint, customary, allegations, process, clearing",acquired land develop ghana destroyed farmers rubber plantation willing pay damages caused rubber farmers still cutting rubber farms plant remaining uncultivated lands taken respondents project shown interest resolving issues despite several complaints made complainants,False,1,1,0,0,0,0,0,0.74,0.02,0.11,0.04,0.06,0.03
100,1,0.64,"earth, ha, mighty, rapid, response, concession, deforestation, indications, forest, clearance",issued chain reaction informed fact fgv kalimantans concession cleared 1600 ha peat forest 25april 2017 secretariat meeting fgv claimed planted less 100 ha shallow depth,False,1,0,1,0,0,0,0,0.03,0.64,0.06,0.23,0.02,0.02
325,1,0.44,"earth, ha, mighty, rapid, response, concession, deforestation, indications, forest, clearance",may 2022 ran satellite evidence shows cemerlang abadi resumed clearance forests peatland areas since september last year 2021 deforestation persisted least february 2022 24 acres secondary forests cleared make way plantation according significant area land cleared appears secondary young regenerating forests regrowth forests 24 acres secondary forests cleared well 740 acres young regenerating forests aug 2022 ran published another ca social issues conflict,False,2,0,1,0,1,0,0,0.03,0.44,0.06,0.43,0.01,0.02
238,1,0.95,"earth, ha, mighty, rapid, response, concession, deforestation, indications, forest, clearance",mighty earth rapid response 14 jan 9 feb total area 62 ha forest cleared prakarsa tani sejati pts concession west kalimantan,False,1,0,1,0,0,0,0,0.0,0.95,0.01,0.03,0.0,0.0
29,1,0.94,"earth, ha, mighty, rapid, response, concession, deforestation, indications, forest, clearance",mados holdings sdn bhd conducted land clearing prior hcv assessment approved assessor provides following information according gis data published global forest watch 291 ha identified tree cover loss within 6 madoss holdings sdn bhd estates 2016 2017 prior ratification p c 2018 according gis data published global forest watch 230 ha identified tree cover loss within 6 madoss holding sdn bhd estates 2018 ratification p c 2018,False,1,0,1,0,0,0,0,0.0,0.94,0.01,0.04,0.0,0.0
249,1,0.9,"earth, ha, mighty, rapid, response, concession, deforestation, indications, forest, clearance",mighty earth rapid response indication deforestation inside shp concession total 35 ha may 27 aug 24,False,1,0,1,0,0,0,0,0.01,0.9,0.02,0.06,0.0,0.01
386,1,0.43,"earth, ha, mighty, rapid, response, concession, deforestation, indications, forest, clearance",clearance potential high carbon stock hcs forest kencana agri potential forest clearance impacts biodiversity,False,2,0,1,0,1,0,0,0.07,0.43,0.11,0.32,0.03,0.04
210,1,0.47,"earth, ha, mighty, rapid, response, concession, deforestation, indications, forest, clearance",gar found indication deforestation internal monitoring process mip part widya corp east kalimantan later mighty earth rapid response reports brought issue,False,2,0,1,0,1,0,0,0.02,0.47,0.04,0.44,0.01,0.02
258,1,0.68,"earth, ha, mighty, rapid, response, concession, deforestation, indications, forest, clearance",mighty earth rapid response 21 indications 3 ha deforestation 122 ha peat development 30 ha clearance preparation indications april 22 sep 23 concession mjap,False,1,0,1,0,0,0,0,0.03,0.68,0.05,0.21,0.01,0.02
224,1,0.36,"earth, ha, mighty, rapid, response, concession, deforestation, indications, forest, clearance",allegations forest clearance impact biodiversity leuser ecosystem,False,2,0,1,0,1,0,0,0.08,0.36,0.13,0.35,0.04,0.04
301,1,0.86,"earth, ha, mighty, rapid, response, concession, deforestation, indications, forest, clearance",mighty earth rapid response 34 november may 2021 total 34 hectares forest cleared brahma binabakti concession,False,1,0,1,0,0,0,0,0.01,0.86,0.02,0.08,0.01,0.01
328,1,0.97,"earth, ha, mighty, rapid, response, concession, deforestation, indications, forest, clearance",late sep 2022 crr published titled top ten deforesters clear 8 100 hectares concessions 1h 2022 significant increase versus 2021 sawit rokan semesta cleared 600 ha forest first half 2022 riau sumatra according crr srs owned widjaja family north sumatra family associated sewangi,False,1,0,1,0,0,0,0,0.0,0.97,0.0,0.02,0.0,0.0
254,1,0.97,"earth, ha, mighty, rapid, response, concession, deforestation, indications, forest, clearance",mighty earth indications 18 ha deforestation ptpn 2 kebun prafi concession papua 15 mar 6 may,False,1,0,1,0,0,0,0,0.0,0.97,0.0,0.02,0.0,0.0
203,1,0.56,"earth, ha, mighty, rapid, response, concession, deforestation, indications, forest, clearance",peatland violations clearance tunas baru lampung tbl,False,1,0,1,0,0,0,0,0.04,0.56,0.07,0.29,0.02,0.03
273,1,0.86,"earth, ha, mighty, rapid, response, concession, deforestation, indications, forest, clearance",mighty earth rapid response 23 indications 16 ha deforestation sanjung makmur bulungan october 15 november 14 indications 44 ha deforestation sanjung makmur tana tidung november 15 decemebr 6,False,1,0,1,0,0,0,0,0.01,0.86,0.02,0.1,0.0,0.01
152,1,0.42,"earth, ha, mighty, rapid, response, concession, deforestation, indications, forest, clearance",synopsis according hutan bumi langgeng perdanatrada subsidiary bw plantation recently started operation expand plantation onto peatland forest areas clearing clarify high conservation forests hcvfs digging canals peatlands drainage encroached tanjung putting national park,False,2,0,1,0,1,0,0,0.05,0.42,0.09,0.4,0.02,0.03
242,1,0.99,"earth, ha, mighty, rapid, response, concession, deforestation, indications, forest, clearance",mighty earth rapid response 17 indications deforestation asml concession east kalimantan feb 28 june 28 involving total area 34 ha,False,1,0,1,0,0,0,0,0.0,0.99,0.0,0.01,0.0,0.0
305,1,0.9,"earth, ha, mighty, rapid, response, concession, deforestation, indications, forest, clearance",mighty earth rrr 37 satellite imagery see shows may sept 2021 total 8 5 hectares forest hcs cleared kencana alam permai concession,False,1,0,1,0,0,0,0,0.01,0.9,0.02,0.07,0.0,0.01
291,1,0.88,"earth, ha, mighty, rapid, response, concession, deforestation, indications, forest, clearance",rapid response 32 mighty earth 267 ha deforestation agro mutiara rupit sipef mighty earth stated appears sipef proceeded development agro muara rupit hcv hcsa assessment completed mighty earth stated according hcsa website assessments completed agro muara rupit amp ii iii amp iv estates listed either peer reviewed completed peer review process hence appears sipef gone ahead new land development agro muara rupit submitting review waiting final hcv hcs areas determined,False,1,0,1,0,0,0,0,0.01,0.88,0.02,0.08,0.0,0.01
257,1,0.9,"earth, ha, mighty, rapid, response, concession, deforestation, indications, forest, clearance",mighty earth rapid response indications 21 ha deforestation bsl concession feb 7 june 14,False,1,0,1,0,0,0,0,0.01,0.9,0.01,0.06,0.0,0.01
264,1,0.82,"earth, ha, mighty, rapid, response, concession, deforestation, indications, forest, clearance",mighty earth rapid response 22 indications 109 ha deforestation inside arrtu energie resources concession jul 14 nov 13 earlier greenpeace burning house fire incidents aer,False,1,0,1,0,0,0,0,0.01,0.82,0.03,0.12,0.01,0.01
380,1,0.43,"earth, ha, mighty, rapid, response, concession, deforestation, indications, forest, clearance",clearance potential high carbon stock hcs forest peat orangutan habitat genting potential forest clearance impacts biodiversity,False,2,0,1,0,1,0,0,0.07,0.43,0.11,0.33,0.03,0.04
236,1,0.51,"earth, ha, mighty, rapid, response, concession, deforestation, indications, forest, clearance",gar internal monitoring detected indications land clearing hcs clearance dwiwira lestari jaya east kalimantan q3 2018 first lamandau timber international central kalimantan q1 2018 triputra agro persada tap gar supplier later late january mighty earth deforestation dlj nov 2018 january rapid response 12,False,1,0,1,0,0,0,0,0.02,0.51,0.04,0.41,0.01,0.02
259,1,0.87,"earth, ha, mighty, rapid, response, concession, deforestation, indications, forest, clearance",mighty earth rapid response 21 indications 79 ha deforestation feb 25 sep 6,False,1,0,1,0,0,0,0,0.01,0.87,0.02,0.09,0.0,0.01
271,1,0.96,"earth, ha, mighty, rapid, response, concession, deforestation, indications, forest, clearance",mighty earth rapid response 26 indications 140 ha deforestation 247 ha clearance preparation tanjung buyu perkasa concession sep 15 feb 7,False,1,0,1,0,0,0,0,0.0,0.96,0.01,0.03,0.0,0.0
320,1,0.92,"earth, ha, mighty, rapid, response, concession, deforestation, indications, forest, clearance",ran published investigation problem deforestation beyond outside known concessions occurring within district aceh tamiang priority landscape singkil bengkung trumon region rawa singkil wildlife reserve,False,1,0,1,0,0,0,0,0.0,0.92,0.01,0.06,0.0,0.0
173,1,0.36,"earth, ha, mighty, rapid, response, concession, deforestation, indications, forest, clearance",allegations forest clearance impact biodiversity leuser ecosystem,False,2,0,1,0,1,0,0,0.08,0.36,0.13,0.34,0.04,0.04
302,1,0.58,"earth, ha, mighty, rapid, response, concession, deforestation, indications, forest, clearance",stakeholders gar internal monitoring detected indications ofongoing deforestation wpp concession april 2021,False,1,0,1,0,0,0,0,0.02,0.58,0.04,0.34,0.01,0.02
267,1,0.89,"earth, ha, mighty, rapid, response, concession, deforestation, indications, forest, clearance",rapid response 23 mighty earth indications 42 ha deforestation hhk concession aug 6 dec 24,False,1,0,1,0,0,0,0,0.01,0.89,0.02,0.07,0.0,0.01
251,1,0.94,"earth, ha, mighty, rapid, response, concession, deforestation, indications, forest, clearance",mighty earth rapid response indication total 8 ha cleared inside derawan sou 33 concession feb aug 23,False,1,0,1,0,0,0,0,0.01,0.94,0.01,0.04,0.0,0.0
275,1,0.57,"earth, ha, mighty, rapid, response, concession, deforestation, indications, forest, clearance",gar internal monitoring detected indications 944 ha peat development jan apr kumai sentosa central kalimantan ks owned managed gps,False,1,0,1,0,0,0,0,0.02,0.57,0.03,0.36,0.01,0.01
282,1,0.79,"earth, ha, mighty, rapid, response, concession, deforestation, indications, forest, clearance",mighty earth rrr 29 indications 12 ha deforestation mas 9 july 9 june clearance location 0 055243 109 328935,False,1,0,1,0,0,0,0,0.01,0.79,0.03,0.15,0.01,0.02
239,1,0.95,"earth, ha, mighty, rapid, response, concession, deforestation, indications, forest, clearance",mighty earth rapid response 14 april total forest area 33 ha cleared total area 99 ha prepared clearance arjuna utama sawit concession central kalimantan deforestation allegations two namely khatulistiwa agro abadi borneo international anugerah said linked aus rapid response 40 july 2022,False,1,0,1,0,0,0,0,0.0,0.95,0.01,0.03,0.0,0.0
317,1,0.88,"earth, ha, mighty, rapid, response, concession, deforestation, indications, forest, clearance",mighty earth september 7 november 13 total 17 hectares forest cleared tirta madu sawit jaya concession,False,1,0,1,0,0,0,0,0.01,0.88,0.02,0.07,0.01,0.01
246,1,0.67,"earth, ha, mighty, rapid, response, concession, deforestation, indications, forest, clearance",mighty earth rapid response 18 12 ha peat developed mjsp concession march 27 july 28 mjsp gar supplier gar sources klk level,False,1,0,1,0,0,0,0,0.03,0.67,0.05,0.21,0.01,0.02
265,1,0.91,"earth, ha, mighty, rapid, response, concession, deforestation, indications, forest, clearance",mighty earth rapid response 22 indications 106 ha deforestation inside fajar saudara lestari concession sep 7 nov 13,False,1,0,1,0,0,0,0,0.01,0.91,0.01,0.06,0.0,0.01
225,1,0.37,"earth, ha, mighty, rapid, response, concession, deforestation, indications, forest, clearance",allegations forest clearance impact biodiversity leuser ecosystem,False,2,0,1,0,1,0,0,0.08,0.37,0.13,0.34,0.04,0.04
296,1,0.96,"earth, ha, mighty, rapid, response, concession, deforestation, indications, forest, clearance",rapid respose 33 migthy earth january 2016 december 2018 60 hectares tree cover loss within martabe mine area agincourt resources tbk january december 41 hectares tree cover loss within martabe mine area agincourt resources tbk ar managed united tractor astra international,False,1,0,1,0,0,0,0,0.0,0.96,0.01,0.03,0.0,0.0
80,1,0.8,"earth, ha, mighty, rapid, response, concession, deforestation, indications, forest, clearance",shadow clearing lands,False,1,0,1,0,0,0,0,0.01,0.8,0.02,0.16,0.0,0.01
237,1,0.59,"earth, ha, mighty, rapid, response, concession, deforestation, indications, forest, clearance",rapid response 12 mighty earth series peat forest development since july 2018 pinang witmas abadi west kalimantan owned managed pundi lahan khatulistiwa gar supplier online media,False,1,0,1,0,0,0,0,0.04,0.59,0.06,0.27,0.02,0.02
263,1,0.62,"earth, ha, mighty, rapid, response, concession, deforestation, indications, forest, clearance",mighty earth rapid response 22 indications 948 ha peat forest development sep 6 nov 13 inside damai agro sejahtera concession,False,1,0,1,0,0,0,0,0.04,0.62,0.06,0.25,0.02,0.02
130,2,0.83,"forest, plantation, plantations, eof, mill, illegal, area, gar, investigations, supplier",synopsis failed establish plasma scheme communities accordance national laws indonesia failed use local labour contractors operations plantations polluting local waterways resulting health hazards villagers causing fish populations decline,False,1,0,0,1,0,0,0,0.08,0.01,0.83,0.04,0.01,0.03
3,2,0.81,"forest, plantation, plantations, eof, mill, illegal, area, gar, investigations, supplier",corporate social responsibility csr program concrete sustainable surrounding conducted replanting cutting trees plantation resulting emergence insect pests damaging coconut plantation provided pesticides twice take responsibility coconut plantation damage andthe pesticide proposal village head urgently responded caused surrounding suffer great losses,False,1,0,0,1,0,0,0,0.06,0.01,0.81,0.04,0.01,0.07
101,2,0.34,"forest, plantation, plantations, eof, mill, illegal, area, gar, investigations, supplier",orangutan found killed eaten concession susantri permai subsidiary genting plantation killing done plantation workers requested suspend membership susantri permai proper socialisation endangered species protection workers conducted,False,2,1,0,1,0,0,0,0.25,0.09,0.34,0.2,0.05,0.06
132,2,0.64,"forest, plantation, plantations, eof, mill, illegal, area, gar, investigations, supplier",raised following questions 1 gpb explain fact plantation expansion 22 000 ha new planting procedure requirement took effect january 2010 placing prior notice website comment 2 gpb active development mspo standards striving achieve certification standards 3 gpb plan start certification process malaysia 10 years joining basis complaint genting plantation annual reports 2010 2011 2012 indicates new plantings since 2010 http www gentingplantations com ar12 index htm however received npp notification request genting,False,1,0,0,1,0,0,0,0.17,0.02,0.64,0.05,0.02,0.1
74,2,0.9,"forest, plantation, plantations, eof, mill, illegal, area, gar, investigations, supplier",allegation 1 violation code conduct range fundamental grievous ways involvement control ownership operational development four plantation papua 2 megakarya jaya raya controlled hsa cleared estimated 4 000 ha forest plantations papua 3 members based malaysia indonesia complaint involves involvement four plantation papua megakarya jaya raya mjr fofi jair districts boven digoel papua indonesia kartika cipta pratama kcp fofi jair districts boven digoel papua indonesia energi samudera kencana esk mandobo fofi jair districts boven digoel papua indonesia graha kencana mulia gkm fofi jair districts boven digoel papua indonesia,False,1,0,0,1,0,0,0,0.04,0.01,0.9,0.02,0.01,0.03
123,2,0.48,"forest, plantation, plantations, eof, mill, illegal, area, gar, investigations, supplier",despite member promoting free products via labeling packaging tv commercials ferrero stated 1 evidence provided ferrero ignored 2 casino promoting sans palmhuille products promote sustainable promoting products required code conduct 3 casino denigrates general offering environmental nutritional perspective makes effort differentiate conventional sustainable effects denigrates general affecting use sustainable promoting products done nothing promote products 4 decision based premise thatan rspomember choose whether commit code conduct depends whether involves food product non food product supported rules 5 casinos advertisement clearly says casino goes fundamental raison detre rspos existence taken whole decision espo contradicts code conduct members 6 final decision contradicts preliminary decision,False,2,0,0,1,0,0,1,0.14,0.03,0.48,0.06,0.03,0.26
50,2,0.77,"forest, plantation, plantations, eof, mill, illegal, area, gar, investigations, supplier",untreated wastewater disposed river stream,False,1,0,0,1,0,0,0,0.09,0.02,0.77,0.07,0.01,0.03
314,2,0.56,"forest, plantation, plantations, eof, mill, illegal, area, gar, investigations, supplier",may june 2021 eyes forest eof published titled omnibus law automatic legalization illegal plantations eof investigation riau illegal plantations trade illegal fruit eof listed findings eof investigations involving 43 plantation management units located forest estates based ministerial decree number 903 menlhk setjen pla 2 12 2016 07 december 2016 forest estate riau province identified nine gar supplier namely tri bakti sarimas bukit payung mill gandaerah hendana inecda plantation peputra supra jaya ptpn v sekar bumi alam lestari surya agrolika reksa tasma puja indragiri hulu mill kampar mill tunggal perkasa plantation since publication conducted investigations engaged grievance handling case supplier lodged gar grievance tracker updated regularly order stakeholders follow progress,False,1,0,0,1,0,0,0,0.07,0.04,0.56,0.12,0.02,0.19
27,2,0.75,"forest, plantation, plantations, eof, mill, illegal, area, gar, investigations, supplier",illegally controlling kkpa primary member cooperative credit objects well violating kkpa agreement embezzling funds fraud development plantations violating agreement related sale farmers fruits disbursed distributed members illegal bailout funds,False,1,0,0,1,0,0,0,0.09,0.02,0.75,0.04,0.01,0.09
53,2,0.43,"forest, plantation, plantations, eof, mill, illegal, area, gar, investigations, supplier",land fires occurred august conservation area within respondent’s hgu covering area approximately 12 hectares blocked river flow within hgu using heavy equipment hence damaging rivers altering function numerous owned plantations public cemeteries within respondent’s hgu area yet enclaved planted peatland within hgu area planted river course areas sungai bengkarai sungai air hitam sungai napoh sungai peragaian sungai merbabu sungai batang merah although signage indicating considered conservation areas failed respond grievances suggestion,False,2,0,0,1,1,0,0,0.12,0.08,0.43,0.29,0.03,0.05
184,2,0.62,"forest, plantation, plantations, eof, mill, illegal, area, gar, investigations, supplier",request information forest heroes gar action regarding media reports contributing haze crisis provident agro tempirai resources waymusi agro indah,False,1,0,0,1,0,0,0,0.06,0.04,0.62,0.19,0.01,0.07
134,2,0.52,"forest, plantation, plantations, eof, mill, illegal, area, gar, investigations, supplier",named practising open burning resulting haze peninsular malaysia singapore reached hazardous levels countries acted breach principle 5 environmental responsibility conservation natural resources biodiversity potentially breach principle 7 responsible new planting criterion 5 1 aspects plantation mill management including replanting environmental impacts identified plans mitigate negative impacts promote positive ones made implemented monitored demonstrate continual improvement criterion 5 5 use fire waste disposal preparing land replanting avoided except specific situations identified asean guidelines regional best practice criterion 7 7 use fire preparation new plantings specific situations identified asean guidelines regional best practice complaint filed executive board view fact members named media source fires hotspots analysis conducted two external experts show hotspots analysis jatim jaya perkasa available august 2013 verification submitted based total concession area 11 801 ha 8 200 within hgu 3 601 ha within plasma area actual burning found 22 74 hotspot locations actions taken include 1 intensify fire patrolling hourly hotspot monitoring must submitted central monitoring post 2 revise sops emergency fire procedure land forest fire prevention patrol land forest land preparation water management 3 improve water management according bmps existing cultivation peat4 organize firefighting fire prevention campaign local 5 engage local fire patrolling dry season6 establish database high risk hotspots area draft action plan submitted october 2013 jatim jaya perkasa completed following corrective actions 1 one firefighting team formed 35 members 18 units water pump robin 6 units high pressure water pump tohatsu 4 units motorcycle 1 unit wheel drive vehicle 2 recent hotspot monitoring jatim jaya perkasa downloaded eye haze one hotspot identified march 7 none found field verification 3 jjp implemented water management fire preventionsystem,False,1,0,0,1,0,0,0,0.11,0.07,0.52,0.23,0.02,0.05
311,2,0.53,"forest, plantation, plantations, eof, mill, illegal, area, gar, investigations, supplier",may june 2021 eyes forest eof published titled omnibus law automatic legalization illegal plantations eof investigation riau illegal plantations trade illegal fruit eof listed findings eof investigations involving 43 plantation management units located forest estates based ministerial decree number 903 menlhk setjen pla 2 12 2016 07 december 2016 forest estate riau province identified nine gar supplier namely tri bakti sarimas bukit payung mill gandaerah hendana inecda plantation peputra supra jaya ptpn v sekar bumi alam lestari surya agrolika reksa tasma puja indragiri hulu mill kampar mill tunggal perkasa plantation since publication conducted investigations engaged grievance handling case supplier lodged gar grievance tracker updated regularly order stakeholders follow progress,False,1,0,0,1,0,0,0,0.07,0.04,0.53,0.11,0.02,0.23
142,2,0.39,"forest, plantation, plantations, eof, mill, illegal, area, gar, investigations, supplier",centre orangutan protection cop recent clearing high conservation value areas taken place gunta samba jaya involving orang utan habitats written member awaiting formal reply member update indofood agri met complainants mar 2013 agreed stop land clearing ii file reports ministry forestry set evaluation team iii team make evaluation concession area identify hcv develop conservation action plan iv team submit follow result based information salim ivomas pratama gunta samba subsidiary gunta samba jaya,False,2,1,0,1,0,0,0,0.23,0.08,0.39,0.2,0.05,0.06
312,2,0.6,"forest, plantation, plantations, eof, mill, illegal, area, gar, investigations, supplier",may june 2021 eyes forest eof published titled omnibus law automatic legalization illegal plantations eof investigation riau illegal plantations trade illegal fruit eof listed findings eof investigations involving 43 plantation management units located forest estates based ministerial decree number 903 menlhk setjen pla 2 12 2016 07 december 2016 forest estate riau province identified nine gar supplier namely tri bakti sarimas bukit payung mill gandaerah hendana inecda plantation peputra supra jaya ptpn v sekar bumi alam lestari surya agrolika reksa tasma puja indragiri hulu mill kampar mill tunggal perkasa plantation since publication conducted investigations engaged grievance handling case supplier lodged gar grievance tracker updated regularly order stakeholders follow progress,False,1,0,0,1,0,0,0,0.07,0.04,0.6,0.12,0.02,0.17
168,2,0.65,"forest, plantation, plantations, eof, mill, illegal, area, gar, investigations, supplier",control union certification cuc conducted incomplete assessments produced biased assessment reports failed consider aspects certification system required certification standards processing certification united plantations subsidiary sinar sawit sejati central kalimantan,False,1,0,0,1,0,0,0,0.07,0.02,0.65,0.07,0.02,0.17
331,2,0.51,"forest, plantation, plantations, eof, mill, illegal, area, gar, investigations, supplier",nov 23rd 2022 gar received grievance customer cash investigation allegations child labour occupational health safety breaches erasakti wira forestama muaro jambi publication video publshied oct 2022,False,1,0,0,1,0,0,0,0.07,0.04,0.51,0.11,0.02,0.25
292,2,0.89,"forest, plantation, plantations, eof, mill, illegal, area, gar, investigations, supplier",crr julong subsidiary rezeki kencana rk one plantation received permit inside protected area indonesia plantation kubu raya district west kalimantan operating since 2010 overlaps protected sungai arus deras forest,False,1,0,0,1,0,0,0,0.03,0.01,0.89,0.03,0.01,0.04
221,2,0.36,"forest, plantation, plantations, eof, mill, illegal, area, gar, investigations, supplier",centre orangutan protection gar supplier fairco agro mandiri sourcing ffb four farmers kutai national park kalimantan timur killed orangutan,False,2,1,0,1,0,0,0,0.25,0.09,0.36,0.19,0.05,0.06
156,2,0.88,"forest, plantation, plantations, eof, mill, illegal, area, gar, investigations, supplier",result revocation forest relinquishment decree 2008 decree june 2012 area local government hati prima agros permit license validity legality called question subsequently issuance wood utilization license ipk ud karya budi kotawaringin timur forestry agency antang kalang kotawaringin timur district central kalimantan inaccordance national laws indonesia status court case 4 december 2012 examining legal facts found court hearing session palangkaraya state administrative court ruled following revocation location permit ijin lokasi head kotawaringin timur regents decree 525 26 342 ek sda vi 2012 dated 21 june 2012 revoked prinsip arahan lokasi principle license ijin lokasi location permit ijin usaha perkebunan plantation business license void ii declared 2008 decree revocation ministry forestry sk 51 menhut ii 08 dated 11 march 2008 revoked ministry forestrys decree 186 kpts ii 2000 dated 29 june 2000 relinquishment part forestry area sungai mentaya void iii ordered head regency kotawaringin timur revoke revocation location permitiv ordered indonesian ministry forestry revoke 2008 decree revocation,False,1,0,0,1,0,0,0,0.03,0.01,0.88,0.04,0.01,0.04
47,2,0.65,"forest, plantation, plantations, eof, mill, illegal, area, gar, investigations, supplier",dischargedimmense quantities toxic chemicals hazardous waste impacted nearby mangrove ecosytem manchn guamuchal nature reserve local marine species issue raised health concerns local communities rely water source water food supply e g fish shellfish etc may poisoned toxic waste,False,1,0,0,1,0,0,0,0.15,0.03,0.65,0.09,0.02,0.04
308,2,0.6,"forest, plantation, plantations, eof, mill, illegal, area, gar, investigations, supplier",may june 2021 eyes forest eof published titled omnibus law automatic legalization illegal plantations eof investigation riau illegal plantations trade illegal fruit eof listed findings eof investigations involving 43 plantation management units located forest estates based ministerial decree number 903 menlhk setjen pla 2 12 2016 07 december 2016 forest estate riau province identified nine gar supplier namely tri bakti sarimas bukit payung mill gandaerah hendana inecda plantation peputra supra jaya ptpn v sekar bumi alam lestari surya agrolika reksa tasma puja indragiri hulu mill kampar mill tunggal perkasa plantation since publication conducted investigations engaged grievance handling case supplier lodged gar grievance tracker updated regularly order stakeholders follow progress,False,1,0,0,1,0,0,0,0.07,0.03,0.6,0.1,0.02,0.18
35,2,0.4,"forest, plantation, plantations, eof, mill, illegal, area, gar, investigations, supplier",operating area luak talang parit obtaining prior consent b develop plasma plantations c internal grievance mechanism stakeholders access,False,2,1,0,1,0,0,0,0.28,0.03,0.4,0.06,0.04,0.2
178,2,0.57,"forest, plantation, plantations, eof, mill, illegal, area, gar, investigations, supplier",allegations forest clearing supplier austindo nusantara jaya agri anj sorong west papua indonesia media related fire haze involving gar supplier kayung agro lestari kal 10 6 2015 titled deadly trade greenpeace ioi continued buy third party suppliers linked environmental destruction exploitation austindo nusantara jaya eagle high plantation rajawali goodhope carson cumberbatch korindo indofood tabung haji plantations mighty earth rapid response 6 carrying deforestation permata putra mandiri berau karetindo lestari pipit citra persada subur karunia bld plantation bhd rayatama jaya condong garut sumur pandan wangi mulia inti perkasa prasetya mitra muda linked gar suppply chain sumur pandanwangi mulia inti perkasa prasetya mitra muda krida dharma kahuripan mentinoned greenpeace final countdown 9 18,False,1,0,0,1,0,0,0,0.06,0.05,0.57,0.25,0.01,0.05
141,2,0.84,"forest, plantation, plantations, eof, mill, illegal, area, gar, investigations, supplier",synopsis carrying illegal logging 540 ha kawasan budidaya kehutanan kabupaten kutai kertanegara planted land outside concession area planted land outside hgu remarks written member preliminary findings 4 june 2013 based evidence furnished box complaint legitimate refer rspo’s complaints process flow member since met 26 july 2013 relevant documents pertaining allegations made available investigation,False,1,0,0,1,0,0,0,0.04,0.02,0.84,0.05,0.01,0.05
303,2,0.54,"forest, plantation, plantations, eof, mill, illegal, area, gar, investigations, supplier",14 october 2021 gar received letter tempo regarding investigation tempo mongabay indonesia betahita auriga nusantara investigation found tasma puja batang cenaku mill plantations forest area received purchased processed sold processed fresh fruit bunches harvested protected forest bukit betabuh stated theground check conducted august 28th september 24th 2021 conflict plasma smallholders,False,1,0,0,1,0,0,0,0.07,0.04,0.54,0.1,0.02,0.24
163,2,0.52,"forest, plantation, plantations, eof, mill, illegal, area, gar, investigations, supplier",case involving subsidiary already incorporated gars overall action plans going mediation facilitated forest trust tft updates case available dsf,False,1,0,0,1,0,0,0,0.07,0.04,0.52,0.12,0.02,0.24
199,2,0.82,"forest, plantation, plantations, eof, mill, illegal, area, gar, investigations, supplier",ran oppuk ilrf published human cost conflict alleging indofood pp lonsum involved labour exploitation issues deadly trade greenpeace ioi continued buy third party suppliers linked environmental destruction exploitation austindo nusantara jaya eagle high plantation rajawali goodhope carson cumberbatch korindo indofood tabung haji plantations ran published sustainability assessment salim related borneo peat forests alleging drm skl carried peat clearance ketungau forest greenpeace final countdown 9 18,False,1,0,0,1,0,0,0,0.04,0.02,0.82,0.08,0.01,0.04
63,2,0.78,"forest, plantation, plantations, eof, mill, illegal, area, gar, investigations, supplier",sri ganda dissapointed towards unico desa plantation regarding plan utilize area demarcated conservation area address water issues village,False,1,0,0,1,0,0,0,0.06,0.03,0.78,0.09,0.01,0.03
151,2,0.31,"forest, plantation, plantations, eof, mill, illegal, area, gar, investigations, supplier",allegations sisirau cleared forest habitat orangutans plantation leading starvation primates sisirau submitted progress 24 july actions completed according timeline including comply compensation process input progress sent sisirau waiting response,False,2,0,0,1,1,0,0,0.18,0.13,0.31,0.28,0.05,0.06
223,2,0.45,"forest, plantation, plantations, eof, mill, illegal, area, gar, investigations, supplier",high risk rainforest published milieudefensie friends earth netherlands friends earth usa sustainable development institute alleging gvl golden veroleum liberia alleging failure reform behaviour human rights violations environmental degradation disregard communities land rights,False,2,1,0,1,0,0,0,0.39,0.03,0.45,0.06,0.03,0.05
383,2,0.98,"forest, plantation, plantations, eof, mill, illegal, area, gar, investigations, supplier",rimba harapan saksti rhs sarana titian permata stp kerry sawit indonesia ksi subsidiaries wilmar international ii andalan sukses makmur asmr bumitama gunajaya abadi bga subsidiaries bumitama agri ltd bal,False,1,0,0,1,0,0,0,0.01,0.0,0.98,0.01,0.0,0.0
38,2,0.97,"forest, plantation, plantations, eof, mill, illegal, area, gar, investigations, supplier",operating protected forest area license ministry forestry operating hgu,False,1,0,0,1,0,0,0,0.01,0.0,0.97,0.01,0.0,0.01
185,2,0.4,"forest, plantation, plantations, eof, mill, illegal, area, gar, investigations, supplier",local media ketapang district police investigating 4 suspected burning clear land including cipta usaha sejati,False,2,0,0,1,1,0,0,0.1,0.09,0.4,0.34,0.02,0.05
198,2,0.42,"forest, plantation, plantations, eof, mill, illegal, area, gar, investigations, supplier",media reports apsl carried land clearing using fire involved hostage situation rokan hulu district riau province employees environment forestry ministry khlk abducted investigating 2015 forest fires,False,2,0,0,1,1,0,0,0.09,0.08,0.42,0.33,0.02,0.05
93,2,0.49,"forest, plantation, plantations, eof, mill, illegal, area, gar, investigations, supplier",one aceites mills purchasing ffb operation run mrs alva yiseth villamizar navas maria la baja area since may 2016 alva navas collecting ffb growers accepted offer paying market price invoices offered harvest fruit made several trucks available transport ffb field collection site buys fruits anyone regardless ownership due people started stealing fruit area purchases fruit regardless origin collecting fruit type sanitary control staff hired outside rules laid ministry labor vehicles collect fruit night time restrictions apply mobility imposed city hall ffb transferred mills located department magdalena belonging aceites palma aceite,False,2,0,0,1,0,0,1,0.07,0.05,0.49,0.14,0.02,0.23
310,2,0.52,"forest, plantation, plantations, eof, mill, illegal, area, gar, investigations, supplier",may june 2021 eyes forest eof published titled omnibus law automatic legalization illegal plantations eof investigation riau illegal plantations trade illegal fruit eof listed findings eof investigations involving 43 plantation management units located forest estates based ministerial decree number 903 menlhk setjen pla 2 12 2016 07 december 2016 forest estate riau province identified nine gar supplier namely tri bakti sarimas bukit payung mill gandaerah hendana inecda plantation peputra supra jaya ptpn v sekar bumi alam lestari surya agrolika reksa tasma puja indragiri hulu mill kampar mill tunggal perkasa plantation since publication conducted investigations engaged grievance handling case supplier lodged gar grievance tracker updated regularly order stakeholders follow progress,False,1,0,0,1,0,0,0,0.07,0.04,0.52,0.11,0.02,0.24
107,2,0.87,"forest, plantation, plantations, eof, mill, illegal, area, gar, investigations, supplier",published ran oppuk ilrf titled “the human cost conflict indofood pepsico’s hidden link worker exploitation indonesia ” reveals findings field investigations worker interviews completed two plantations owned operated member indofood subsidiary london sumatra full available ran org indofood,False,1,0,0,1,0,0,0,0.03,0.01,0.87,0.05,0.01,0.03
166,2,0.45,"forest, plantation, plantations, eof, mill, illegal, area, gar, investigations, supplier",failed carry hcv assessment prior land clearing planting compliance rspos new planting procedure npp non compliance rspos new planting procedure npp violation ofp c 7 3 new plantings since november 2005 replaced primary forest area required maintain enhance one high conservation values violation p c 5 2 status rare threatened endangered species high conservation value habitats exist plantation could affected plantation mill management shall identified operations managed best ensure maintained enhanced remarks successfully got parties complaint engaged dialogue parties agreed solution 8 december 2011,False,2,1,0,1,0,0,0,0.37,0.02,0.45,0.05,0.03,0.08
55,2,0.65,"forest, plantation, plantations, eof, mill, illegal, area, gar, investigations, supplier",planted trees outside hgu respondents planted trees edge river resulted damage watershed never watered road traversed ffb cpo transport trucks affected health two villages due dust mills chimney emits black smoke causes air pollution polluting river water surrounding settlement caused liquid waste mills provide proper social assistance local,False,1,0,0,1,0,0,0,0.16,0.03,0.65,0.09,0.02,0.04
232,3,0.98,"gar, deforestation, ran, linked, chain, jaya, supply, sawit, plantation, leuser",mighty earth rapid response 4 carrying deforestation bld plantation bhd permata putera mandiri blok licensed plant forests lpf 0039 zedtee sb agriprima cipta persada condong garut gar longer sourced however gar sourcing ja wattie manages condong garut mighty earth rapid response 6 committing deforestation linked gar supply chain rayatama jaya sumur pandanwangi mulia inti perkasa prasetya mitra muda krida dharma kahuripan gar longer sourced condong garut however gar sourcing ja wattie manages condong garut,False,1,0,0,0,1,0,0,0.0,0.01,0.01,0.98,0.0,0.0
342,3,0.79,"gar, deforestation, ran, linked, chain, jaya, supply, sawit, plantation, leuser",eq indications deforestation inside concession rendi permata raya 2016 2022 gar source rpr deemed non compliant policy however gar sources palmaris raya mitra bumi sumber alam makmur sentosa linked rendi permata raya pr sourced ffb rpr,False,1,0,0,0,1,0,0,0.01,0.14,0.03,0.79,0.0,0.01
358,3,0.73,"gar, deforestation, ran, linked, chain, jaya, supply, sawit, plantation, leuser",deforestation gerbang benua raya linked supplier abdi budi mulia abm,False,1,0,0,0,1,0,0,0.02,0.14,0.07,0.73,0.01,0.03
209,3,0.94,"gar, deforestation, ran, linked, chain, jaya, supply, sawit, plantation, leuser",mighty earth rapid response 1 4 carried deforestation bintuni agro prima perkasa guntur madu agrotama kahayan agro plantation mustika agung sentosa according kap likely supplies ffb tantahan panduhup asia owned sumber tani agung stais gar ssupplier mighty earth rapid response 17 indications deforestation tantahan panduhup asi concession central kalimantan total area 70 ha 7 ha clearance preparation stacking lines mar 20 june 29,False,1,0,0,0,1,0,0,0.0,0.03,0.01,0.94,0.0,0.0
349,3,0.74,"gar, deforestation, ran, linked, chain, jaya, supply, sawit, plantation, leuser",deforestation perkebunan nusantara 1 ptpn 1 tualang sawit subsidiary ptpn 1,False,1,0,0,0,1,0,0,0.02,0.13,0.07,0.74,0.01,0.03
188,3,0.42,"gar, deforestation, ran, linked, chain, jaya, supply, sawit, plantation, leuser",website incident resulted burning excavator,False,2,0,0,1,1,0,0,0.07,0.08,0.36,0.42,0.02,0.05
216,3,0.96,"gar, deforestation, ran, linked, chain, jaya, supply, sawit, plantation, leuser",mighty earth rapid response 6 committing deforestation linked gar supply chain rayatama jaya sumur pandanwangi mulia inti perkasa prasetya mitra muda krida dharma kahuripan,False,1,0,0,0,1,0,0,0.0,0.02,0.01,0.96,0.0,0.0
365,3,0.75,"gar, deforestation, ran, linked, chain, jaya, supply, sawit, plantation, leuser",deforestation rendi permata raya linked suppliers mitra bumi sumber alam makmur,False,1,0,0,0,1,0,0,0.02,0.12,0.07,0.75,0.01,0.03
182,3,0.61,"gar, deforestation, ran, linked, chain, jaya, supply, sawit, plantation, leuser",deadly trade greenpeace said ioi continued buy third party suppliers linked environmental destruction exploitation including arrtu energie resources eagle high plantation rajawali ehp supplier gar nov greenpeace aer burning house dec mighty earth rapid response 22 indications 109 ha deforestation inside arrtu energie resources concession jul 14 nov 13,False,1,0,0,0,1,0,0,0.04,0.08,0.21,0.61,0.01,0.05
306,3,0.63,"gar, deforestation, ran, linked, chain, jaya, supply, sawit, plantation, leuser",october ran field investigation team documented lowland rainforests illegally logged lands cleared make way plantations drone footage images show scale destruction continues unabated despite forests critical habitat areas sumatran orangutans elephants tigers vital water catchment areas local communities since beginning nia yulided ny reduced standing forests 1 624 1 411 hectares total 213 hectares forest loss small area month august alone 85 hectares forests destroyed,False,1,0,0,0,1,0,0,0.03,0.25,0.06,0.63,0.01,0.02
212,3,1.0,"gar, deforestation, ran, linked, chain, jaya, supply, sawit, plantation, leuser",mighty earth rapid response 1 4 carried deforestation bintuni agro prima perkasa guntur madu agrotama kahayan agro plantation mustika agung sentosa raw materials least one entering gar supply chain greenpeace final countdown 9 18,False,1,0,0,0,1,0,0,0.0,0.0,0.0,1.0,0.0,0.0
192,3,0.58,"gar, deforestation, ran, linked, chain, jaya, supply, sawit, plantation, leuser",anugerah energitama ae concerning orangutans trapped concession gar internal monitoring detected potential hcs forest clerance global primatama mandiri nusantara agro sentosa east kalimantan since march 2016 gpm nas managed palma serasih,False,1,0,0,0,1,0,0,0.02,0.34,0.04,0.58,0.01,0.02
276,3,0.57,"gar, deforestation, ran, linked, chain, jaya, supply, sawit, plantation, leuser",may 4 ran published titled exposed elephant habitat leuser ecosystem fresh attack indo alam repeatedly exposed deforestation,False,1,0,0,0,1,0,0,0.04,0.25,0.09,0.57,0.02,0.03
190,3,0.42,"gar, deforestation, ran, linked, chain, jaya, supply, sawit, plantation, leuser",greenpeace two andalan sukses makmur asmr subsidiary bumitama bumi sawit sejahtera bss subsidiary ioi clearing forest peatlands bumitama supplier gar foe released similar greenpeace final countdown 9 18 greenpeace dying cookie,False,2,0,0,1,1,0,0,0.06,0.07,0.39,0.42,0.01,0.05
324,3,0.56,"gar, deforestation, ran, linked, chain, jaya, supply, sawit, plantation, leuser",april 2021 ran since april 2016 standing forests remaining areas referring tegas nusantara management reduced 7 438 acres 6 933 acres ndash ndash meaning almost 500 acres forests destroyed watch early ranapproximately 25 acres forest cleared inside tegas nusantara concession recently illegal logging persisted small areas destroyed months satellite images show destruction continued 2021 10 acres cleared january february 15 acres lost following month ran stated bunin continues advocate rights protect manage forests get part lands back cleared establish plantation,False,1,0,0,0,1,0,0,0.03,0.31,0.06,0.56,0.01,0.02
187,3,0.97,"gar, deforestation, ran, linked, chain, jaya, supply, sawit, plantation, leuser",mighty earth published rapid response 5 comapnies committing deforestation palem segar lestari megakarya jaya raya kartika cipta pratama krida dharma kahuripan kapuasindo industry rimba karya rayatama jaya harapan rimba jaya persada kencana prima linked gar supply chain level kpi rj hrj kdk mighty earth rapid response 6 committing deforestation linked gar supply chain sumur pandanwangi mulia inti perkasa prasetya mitra muda krida dharma kahuripan,False,1,0,0,0,1,0,0,0.0,0.01,0.01,0.97,0.0,0.0
330,3,0.81,"gar, deforestation, ran, linked, chain, jaya, supply, sawit, plantation, leuser",8 december 2022 ran published titled notorious rainforest destroyer caught taking global market supply chains major brands found tainted conflict ran ffb nia yulided bersaudara carrying deforestation entered bumi sama ganda supply chain ud makmur jaya,False,1,0,0,0,1,0,0,0.02,0.05,0.09,0.81,0.01,0.02
256,3,0.41,"gar, deforestation, ran, linked, chain, jaya, supply, sawit, plantation, leuser",early november greenpeace published burning house palmina utama julong named gar supplier identified civil action related fire incidents,False,2,0,0,1,1,0,0,0.07,0.08,0.38,0.41,0.02,0.05
350,3,0.84,"gar, deforestation, ran, linked, chain, jaya, supply, sawit, plantation, leuser",deforestation medco papua hijau selaras subsidiary capitol,False,1,0,0,0,1,0,0,0.01,0.1,0.03,0.84,0.0,0.01
321,3,0.45,"gar, deforestation, ran, linked, chain, jaya, supply, sawit, plantation, leuser",june ran field investigators found significant fresh land clearing new roads pushed lowland rainforests putra kurnia already planted cleared lands new plantations total concession area controlled putra kurnia 5107ha reduced standing forests 437 hectares 374 hectares since beginning year satellite imagery shows forest clearance throughout april may,False,2,0,1,0,1,0,0,0.03,0.44,0.05,0.45,0.01,0.02
363,3,0.78,"gar, deforestation, ran, linked, chain, jaya, supply, sawit, plantation, leuser",deforestation pipit mutiara indah subsidiary ql resources bhd,False,1,0,0,0,1,0,0,0.02,0.12,0.05,0.78,0.01,0.02
214,3,0.67,"gar, deforestation, ran, linked, chain, jaya, supply, sawit, plantation, leuser",greenpeace final countdown allegations deforestation graha agro nusantara agriprima cipta persada agrinusa persada mulia number mighty earth rapid response reports deforestation allegations involving gama kpn,False,1,0,0,0,1,0,0,0.01,0.26,0.03,0.67,0.01,0.01
200,3,0.62,"gar, deforestation, ran, linked, chain, jaya, supply, sawit, plantation, leuser",deadly trade greenpeace ioi continues buy third party suppliers linked environmental destruction exploitation austindo nusantara jaya eagle high plantation rajawali goodhope carson cumberbatch korindo indofood tabung haji plantations mighty earth published rapid response 5 carrying deforestation palem segar lestari megakarya jaya raya kartika cipta pratama krida dharma kahuripan kapuasindo industry rimba karya rayatama jaya harapan rimba jaya persada kencana prima linked gar supply chain level kpi rj hrj kdk,False,1,0,0,0,1,0,0,0.04,0.07,0.21,0.62,0.01,0.05
215,3,0.92,"gar, deforestation, ran, linked, chain, jaya, supply, sawit, plantation, leuser",mighty earth rapid response 6 committing deforestation linked gar supply chain rayatama jaya sumur pandanwangi mulia inti perkasa prasetya mitra muda krida dharma kahuripan,False,1,0,0,0,1,0,0,0.01,0.04,0.03,0.92,0.0,0.01
285,3,0.95,"gar, deforestation, ran, linked, chain, jaya, supply, sawit, plantation, leuser",since 2016 rainforest action network ran series deforestation allegations tualang raya estate aceh timur gar source tr,False,1,0,0,0,1,0,0,0.01,0.02,0.02,0.95,0.0,0.01
329,3,0.67,"gar, deforestation, ran, linked, chain, jaya, supply, sawit, plantation, leuser",customer line internal monitoring detected indications 160 ha deforestation inside anugerah niaga sawindo concession jan jul ans owned managed anugerah langkat makmur later detected indications recent deforestation peat clearance another alm groupi e sekar arum setyo abadi,False,1,0,0,0,1,0,0,0.01,0.26,0.03,0.67,0.01,0.01
270,3,0.89,"gar, deforestation, ran, linked, chain, jaya, supply, sawit, plantation, leuser",indications deforestation detected jaya jadi utama sawit lamandau raya concessions q4 managed cbip jju slr gar direct suppliers gar sources another cbip subsidiary e berkala maju bersama,False,1,0,0,0,1,0,0,0.01,0.07,0.02,0.89,0.0,0.01
208,3,0.69,"gar, deforestation, ran, linked, chain, jaya, supply, sawit, plantation, leuser",gar found indication deforestation internal monitoring process flora nusa perdana part sumber tani agug sta central kalimantan,False,1,0,0,0,1,0,0,0.01,0.24,0.04,0.69,0.01,0.02
174,3,0.93,"gar, deforestation, ran, linked, chain, jaya, supply, sawit, plantation, leuser",2017 ran massive deforestation plantation agra bumi niaga abn despite moratorium aceh governor june 2016 clearing forests inside leuser ecosystem field investigations carried ran investigators found time forest clearance fruit transported abn plantation nearby crude mill owned koperasi prima jasa kpj according ran satellite images april 22nd 2017 show abn continued destroy critically important lowland forests sell crude processing mill owned ensem sawita kpj gar supply chain however es gar supplier,False,1,0,0,0,1,0,0,0.01,0.03,0.02,0.93,0.0,0.01
356,3,0.76,"gar, deforestation, ran, linked, chain, jaya, supply, sawit, plantation, leuser",deforestation pkpp plantation sdn bhd linked supplier lkpp corporation sdn bhd,False,1,0,0,0,1,0,0,0.02,0.12,0.06,0.76,0.01,0.03
278,3,0.45,"gar, deforestation, ran, linked, chain, jaya, supply, sawit, plantation, leuser",nov 2016 ran published titled protecting leuser ecosystem shared responsibility highlighting clearance forests peatlands continued within existing concessions since governor aceh distributed circular letter june 17 2016 three months following circular letter july august september 2016 evidence continued deforestation found 12 concessions located within threatened lowland rainforests peatlands leuser ecosystem agra bumi niaga one 12,False,2,0,1,0,1,0,0,0.05,0.36,0.1,0.45,0.02,0.03
286,3,0.93,"gar, deforestation, ran, linked, chain, jaya, supply, sawit, plantation, leuser",sustainability risk analysis agency chain reaction research mongabay claim capitol responsible deforestation papua controlled widjaja family specifically jimmy widjaja chain reaction research notes however official documentation relationship capitol gar exists gar publicly list capitol one subsidiaries,False,1,0,0,0,1,0,0,0.01,0.04,0.02,0.93,0.0,0.01
337,3,1.0,"gar, deforestation, ran, linked, chain, jaya, supply, sawit, plantation, leuser",dec 2022 eia published worst deforesters 2022 supplying major international permata sawit mandiri sawit sukses sejati deforesters said gar supply chain thru gar suppliers e bumitama rimba mujur mahkota pasifik agro sikarakara mill link,False,1,0,0,0,1,0,0,0.0,0.0,0.0,1.0,0.0,0.0
284,3,0.66,"gar, deforestation, ran, linked, chain, jaya, supply, sawit, plantation, leuser",gar internal monitoring detected indications 8 ha deforestation perintis sawit andalan concession 16 31 mar psa owned managed andika permata sawit lestari,False,1,0,0,0,1,0,0,0.02,0.27,0.04,0.66,0.01,0.02
352,3,0.74,"gar, deforestation, ran, linked, chain, jaya, supply, sawit, plantation, leuser",deforestation aa sawit linked supplier jernih kemboja,False,1,0,0,0,1,0,0,0.02,0.12,0.08,0.74,0.01,0.03
175,3,0.56,"gar, deforestation, ran, linked, chain, jaya, supply, sawit, plantation, leuser",2016 ran published titled dua perkasa lestari destroying orangutan capital world highlighting continued land clearing activities dpl despite forest moratorium issued president indonesia april 2016 letter issued governor aceh 522 12 2686 iii dated 17 june 2016 aug ran raised allegation social confilct,False,1,0,0,0,1,0,0,0.07,0.12,0.19,0.56,0.02,0.04
245,3,0.82,"gar, deforestation, ran, linked, chain, jaya, supply, sawit, plantation, leuser",chain reaction research published main southeast asian deforesters supplying ndpe market stated indonesian peputra includes affiliated late sinmardi taman family two subsidiaries peputra supra jaya peputra masterindo jointly owned singaporean heeton investment pte ltd operates two plantations two mills riau sumatra sinmardi taman family owns marita makmur jaya developed 1 000 ha forest peat peat forest riau mmj gar supplier however source psj mj,False,1,0,0,0,1,0,0,0.02,0.09,0.05,0.82,0.01,0.02
176,3,0.57,"gar, deforestation, ran, linked, chain, jaya, supply, sawit, plantation, leuser",ran indo sawit perkasa isp caught destroying lowland rainforest singkil bengkung area,False,1,0,0,0,1,0,0,0.06,0.09,0.23,0.57,0.02,0.04
338,3,0.99,"gar, deforestation, ran, linked, chain, jaya, supply, sawit, plantation, leuser",dec 2022 eia published worst deforesters 2022 supplying major international permata sawit mandiri sawit sukses sejati deforesters said gar supply chain thru gar suppliers e bumitama rimba mujur mahkota pasifik agro sikarakara mill link,False,1,0,0,0,1,0,0,0.0,0.01,0.0,0.99,0.0,0.0
327,3,0.69,"gar, deforestation, ran, linked, chain, jaya, supply, sawit, plantation, leuser",sep 19th 2022 ran published titled carbon bomb scandals big brands driving climate disaster according new investigation exposes consumer goods still buying illegal protected wildlife reserve sumatra leuser ecosystem rawa singkil wildlife reserve among allegations shows receipt ffb came mr mahmudin illegal plantation inside rawa singkil wildlife reserve rwsr delivered runding putra persada mill supplier gar via broker called cv buana indah,False,1,0,0,0,1,0,0,0.04,0.07,0.16,0.69,0.01,0.03
0,4,0.96,"workers, labour, union, rights, employment, casual, daily, working, bpjs, termination",transferred different department purportedly punishment providing information auditors respondents audit made work extra hours wages commensurate work load,False,1,0,0,0,0,1,0,0.02,0.0,0.01,0.0,0.96,0.0
17,4,0.99,"workers, labour, union, rights, employment, casual, daily, working, bpjs, termination",allegations raised complaint follows respond unions requests hearing bipartite meeting matter pertaining freedom association interrogated members f lomenik hereinafter referred union intimidated workers resigning union restricted union conducting activity issuing letter prohibiting union distributing groceries members conjunction may day transferred unions chairman secretary different transfers accordance applicable laws regulations asserted deliberate act obstruct unions activity,False,1,0,0,0,0,1,0,0.01,0.0,0.0,0.0,0.99,0.0
79,4,0.98,"workers, labour, union, rights, employment, casual, daily, working, bpjs, termination",terminated workers violation indonesian employment law,False,1,0,0,0,0,1,0,0.01,0.0,0.0,0.0,0.98,0.0
39,4,0.93,"workers, labour, union, rights, employment, casual, daily, working, bpjs, termination",daily casual workers paid minimum wage set musi rawas district government daily casual workers protected remedy available work accidents daily casual workers equipped personal protection equipment ppe equipped working tools daily casual workers receive festive allowance accordance regulation daily casual workers hired third party get pay slip amount written payment receipt formal stamp name party rendered payment,False,1,0,0,0,0,1,0,0.04,0.01,0.01,0.01,0.93,0.01
98,4,0.96,"workers, labour, union, rights, employment, casual, daily, working, bpjs, termination",breaching national law labour terminating 7workers refuse extend contract,False,1,0,0,0,0,1,0,0.02,0.0,0.01,0.0,0.96,0.0
369,4,0.46,"workers, labour, union, rights, employment, casual, daily, working, bpjs, termination",human rights violation dinant,False,2,1,0,0,0,1,0,0.37,0.02,0.08,0.04,0.46,0.04
72,4,0.94,"workers, labour, union, rights, employment, casual, daily, working, bpjs, termination",allegations termination employment smart tbk kebun adi pati severance payment,False,1,0,0,0,0,1,0,0.03,0.0,0.01,0.01,0.94,0.01
90,4,0.96,"workers, labour, union, rights, employment, casual, daily, working, bpjs, termination",paid salary director commissioner since 2010 basis allegations potential breaches p c,False,1,0,0,0,0,1,0,0.02,0.0,0.01,0.0,0.96,0.01
297,4,0.97,"workers, labour, union, rights, employment, casual, daily, working, bpjs, termination",according reuters migrant rights activist andy hall told reuters petitioned cbp concerns forced labour indications ioi operations workers hall confirmed cbp responded may letter saying reviewed petition found sufficient open investigation reuters seen letter cbp hall concerns relate payment deposits workers reimbursement workers recruitment fees need ethical low cost recruitment process foreign workers hall said subsequently another organization finnwatch published ioi entitled,False,1,0,0,0,0,1,0,0.01,0.0,0.0,0.0,0.97,0.0
36,4,0.98,"workers, labour, union, rights, employment, casual, daily, working, bpjs, termination",prohibits workers conduct union activities protest regards omnibus law b conducted unilateral termination ofemployment 2 two permata hijau sawit workers andc socialize regulations peraturan perusahaan workers damai nusa sekawan,False,1,0,0,0,0,1,0,0.01,0.0,0.0,0.0,0.98,0.0
343,4,0.43,"workers, labour, union, rights, employment, casual, daily, working, bpjs, termination",land rights labour rights violations environmental pollution putra lirik domas subsidiary kpn corporation,False,2,1,0,0,0,1,0,0.4,0.02,0.08,0.03,0.43,0.04
8,4,0.44,"workers, labour, union, rights, employment, casual, daily, working, bpjs, termination",affecting compliance act corporate due diligence obligations prevention human rights violations supply chains lksg abused human rights indigenous population carrying unlawful seizure land restricting access water complied labour law unjustifiably withholding appropriate wages occupational health safety regulations respected improper disposal waste made affecting environment area lives,False,2,1,0,0,0,1,0,0.39,0.02,0.08,0.03,0.44,0.04
289,4,0.75,"workers, labour, union, rights, employment, casual, daily, working, bpjs, termination",tpols stated transnational labour solidarity tpols received reports violations basic labour rights plantations based reports union members found number similarities employment practices violate human rights standards among transnational corporations practice contradicts called sustainability policies claimed mdash members two estate jaya mandiri sukses suryabumi tunggal perkasa eagle high plantation later mongabay issue,False,1,0,0,0,0,1,0,0.15,0.01,0.04,0.02,0.75,0.02
71,4,0.91,"workers, labour, union, rights, employment, casual, daily, working, bpjs, termination",minimum wage wage withholding deduction occupational hazard unsafe working conditions exposure chemicals,False,1,0,0,0,0,1,0,0.04,0.01,0.02,0.01,0.91,0.01
22,4,0.99,"workers, labour, union, rights, employment, casual, daily, working, bpjs, termination",allegations made pertaining rights workers working conditions safety concerns,False,1,0,0,0,0,1,0,0.01,0.0,0.0,0.0,0.99,0.0
48,4,0.93,"workers, labour, union, rights, employment, casual, daily, working, bpjs, termination",termination employment severance related compensation written employment agreement daily casual workers national healthcare insurance bpjs kesehatan employee social security bpjs ketenagakerjaan daily casual workers bonus extra benefits allowance stipulated cba daily casual workers insufficient religious festive allowance daily casual workers ppe provided,False,1,0,0,0,0,1,0,0.03,0.01,0.01,0.01,0.93,0.01
18,4,0.97,"workers, labour, union, rights, employment, casual, daily, working, bpjs, termination",decrease number workers union due actions preventing union conducting activity wrongful dismissal termination employment bad working conditions supply work equipment tools,False,1,0,0,0,0,1,0,0.02,0.0,0.01,0.0,0.97,0.0
9,4,1.0,"workers, labour, union, rights, employment, casual, daily, working, bpjs, termination",allegations raised pertaining variety workers rights violations poor working conditions non provisions subsidy non payment social security bpjs poor safety conditions workers health unreasonable working hours amongst others several workers arrested police protesting pertaining rights,False,1,0,0,0,0,1,0,0.0,0.0,0.0,0.0,1.0,0.0
277,4,0.93,"workers, labour, union, rights, employment, casual, daily, working, bpjs, termination",9 june ran number allegations kallista alam including,False,1,0,0,0,0,1,0,0.04,0.0,0.01,0.01,0.93,0.01
58,4,0.93,"workers, labour, union, rights, employment, casual, daily, working, bpjs, termination",claims wrongfully terminated 2 july medical certificates accepted lieu absence work claims monthly salary remitted 3 consecutive months,False,1,0,0,0,0,1,0,0.04,0.01,0.01,0.01,0.93,0.01
205,4,1.0,"workers, labour, union, rights, employment, casual, daily, working, bpjs, termination",sawit mas sejahtera sms accused complying labour laws regulations,False,1,0,0,0,0,1,0,0.0,0.0,0.0,0.0,1.0,0.0
348,4,0.69,"workers, labour, union, rights, employment, casual, daily, working, bpjs, termination",labour rights violation sime darby plantation berhad’s operation,False,1,0,0,0,0,1,0,0.19,0.02,0.05,0.03,0.69,0.03
206,4,0.81,"workers, labour, union, rights, employment, casual, daily, working, bpjs, termination",greenpeace 3rd alert bulletin felda global ventures fgv cleared natural forest peat taa violated malaysian labour law exploited workers greenpeace final countdown 9 18,False,1,0,0,0,0,1,0,0.11,0.01,0.03,0.02,0.81,0.02
366,4,0.67,"workers, labour, union, rights, employment, casual, daily, working, bpjs, termination",involvement labour right issues sarana prima multi niaga spmn subsidiary tsh,False,1,0,0,0,0,1,0,0.19,0.02,0.06,0.03,0.67,0.03
43,4,0.98,"workers, labour, union, rights, employment, casual, daily, working, bpjs, termination",non compliance labour rights laws anti union practices employees provided sufficient protection equipment,False,1,0,0,0,0,1,0,0.01,0.0,0.0,0.0,0.98,0.0
23,4,0.98,"workers, labour, union, rights, employment, casual, daily, working, bpjs, termination",prosecution union workers order lay weaken union infringement constitutional rights affecting right union association dismissals labour contracts fair cause,False,1,0,0,0,0,1,0,0.01,0.0,0.0,0.0,0.98,0.0
45,4,0.95,"workers, labour, union, rights, employment, casual, daily, working, bpjs, termination",unauthorised regulation flat rate overtime premium copy collective bargaining agreement furnished workers workers working night shift provided extra food inadequate unsanitary worker’s housing daily casual workers provided written employment agreement daily casual workers provided employment security bpjs ketenagakerjaan card complicated healthcare insurance bpjs kesehatan paid sick day processes unfair dismissal termination unjustified reason participating union activities limitation worker’s right organize outside established independent non affiliated trade union,False,1,0,0,0,0,1,0,0.03,0.0,0.01,0.01,0.95,0.01
66,4,0.97,"workers, labour, union, rights, employment, casual, daily, working, bpjs, termination",summary allegations follows 1 committed discriminatory acts againts labour union members including termination employment witholding bonuses workers associated labour union 2 failed provide pay slips workers 3 forced workers work holidays instances pay 4 discriminated female workers layoffs compensation took place april 2018 female workers age 35 and5 exploits female workers unilaterally increased workloads additional pay,False,1,0,0,0,0,1,0,0.01,0.0,0.0,0.0,0.97,0.0
96,4,0.96,"workers, labour, union, rights, employment, casual, daily, working, bpjs, termination",worked agro indomas indonesia since 1999 mid june 2002 new management agro indomas dismissed 1200 workers transferred families back jaya kalimantan manager objected move requested 2 weeks address root cause employees strike management told employment subsequently terminated 3 4 months later filed wrongful dismissal case supreme court indonesia found favour awarding payment compensation usd645 590 travel claim usd4906 60 december 2005 since goodhope failed implement court order failed numerous attempts award executed courts indonesia,False,1,0,0,0,0,1,0,0.02,0.0,0.01,0.0,0.96,0.01
367,4,0.67,"workers, labour, union, rights, employment, casual, daily, working, bpjs, termination",involvement labour right issues hamparan masawit bangun persada hmbp subsidiary best,False,1,0,0,0,0,1,0,0.19,0.02,0.06,0.03,0.67,0.03
362,4,0.55,"workers, labour, union, rights, employment, casual, daily, working, bpjs, termination",labour right issues uganda limited venture wilmar international limited indirectly bidco uganda limited 48 stake,False,1,0,0,0,0,1,0,0.29,0.02,0.07,0.04,0.55,0.03
67,4,0.91,"workers, labour, union, rights, employment, casual, daily, working, bpjs, termination",lack adequate health safety equipmentlabourer died due lack safety equipmentno festive holidays temporary workers,False,1,0,0,0,0,1,0,0.04,0.01,0.02,0.01,0.91,0.01
33,4,0.93,"workers, labour, union, rights, employment, casual, daily, working, bpjs, termination",embezzlement severance payment two retired workers head administration,False,1,0,0,0,0,1,0,0.03,0.01,0.01,0.01,0.93,0.01
92,4,0.99,"workers, labour, union, rights, employment, casual, daily, working, bpjs, termination",allegations 1 workforce bring wives children helpers gerdang help workers reach target harvester 2 impositions penalties workers matter queried worker management failed give satisfactory explanations absent machine workers broken impact payroll ii bonus deductions iii discrimination casual workers,False,1,0,0,0,0,1,0,0.01,0.0,0.0,0.0,0.99,0.0
353,4,0.7,"workers, labour, union, rights, employment, casual, daily, working, bpjs, termination",labour rights violation dewa rencana perangin angin’s drpa operation,False,1,0,0,0,0,1,0,0.18,0.02,0.05,0.03,0.7,0.03
351,4,0.67,"workers, labour, union, rights, employment, casual, daily, working, bpjs, termination",involvement labour right issues mopoli raya,False,1,0,0,0,0,1,0,0.19,0.02,0.06,0.03,0.67,0.03
78,4,0.91,"workers, labour, union, rights, employment, casual, daily, working, bpjs, termination",labourer died due fertiliser poisoning,False,1,0,0,0,0,1,0,0.04,0.01,0.02,0.01,0.91,0.01
281,4,0.7,"workers, labour, union, rights, employment, casual, daily, working, bpjs, termination",early july ahong kong based anti trafficking ngo called liberty shared ls published apetitionagainst sime darby plantation bhd child forced labour petitionfiled us customs border protection agency april ls urged ban imports firm products see petition,False,1,0,0,0,0,1,0,0.19,0.02,0.05,0.02,0.7,0.02
1,4,0.99,"workers, labour, union, rights, employment, casual, daily, working, bpjs, termination",unjustifiably dismissed workers deceiving resigning promise rehired pay dismissed workers full amount compensation early termination contract breaching mexican federal labour law bribed authorities obtain parcel certificate national agrarian registry ran required mexican law falsified information regarding land ownership order use evidence avoid imposition non conformities audits andthe crude stored tanks receive maintenance therefore mexican legislation regulating matter complied,False,1,0,0,0,0,1,0,0.0,0.0,0.0,0.0,0.99,0.0
62,4,0.99,"workers, labour, union, rights, employment, casual, daily, working, bpjs, termination",50 workers unjustifiably dismissed,False,1,0,0,0,0,1,0,0.01,0.0,0.0,0.0,0.99,0.0
347,5,0.87,"ffb, cpo, park, bukit, national, contaminated, products, eof, tiger, tesso",sourcing non compliant ffb aspirasi kristal sdn bhd,False,1,0,0,0,0,0,1,0.03,0.01,0.05,0.02,0.01,0.87
196,5,0.98,"ffb, cpo, park, bukit, national, contaminated, products, eof, tiger, tesso",eof issued alleging number sourced ffb tesso nilo national park bukit tigapuluh national park bukit betabuh tiger corridor,False,1,0,0,0,0,0,1,0.0,0.0,0.01,0.0,0.0,0.98
7,5,0.98,"ffb, cpo, park, bukit, national, contaminated, products, eof, tiger, tesso",acquired ffb using restrictive competition practices affects smallholders omitted antitrust guidelines,False,1,0,0,0,0,0,1,0.0,0.0,0.01,0.0,0.0,0.98
195,5,0.98,"ffb, cpo, park, bukit, national, contaminated, products, eof, tiger, tesso",eof issued alleging number sourced ffb tesso nilo national park bukit tigapuluh national park bukit betabuh tiger corridor,False,1,0,0,0,0,0,1,0.0,0.0,0.01,0.0,0.0,0.98
357,5,0.82,"ffb, cpo, park, bukit, national, contaminated, products, eof, tiger, tesso",non compliant products amanah saham pahang berhad aspa enter wilmar supply chain suppliers,False,1,0,0,0,0,0,1,0.04,0.02,0.07,0.03,0.02,0.82
234,5,0.98,"ffb, cpo, park, bukit, national, contaminated, products, eof, tiger, tesso",eof issued alleging number sourced ffb tesso nilo national park bukit tigapuluh national park bukit betabuh tiger corridor,False,1,0,0,0,0,0,1,0.0,0.0,0.01,0.0,0.0,0.98
31,5,0.98,"ffb, cpo, park, bukit, national, contaminated, products, eof, tiger, tesso",supply cpo ffb unsustainable sources supplies ffb cpo kapuasindo industri subsidiary kencana non member series conflicts local violations standards,False,1,0,0,0,0,0,1,0.0,0.0,0.01,0.0,0.0,0.98
294,5,0.6,"ffb, cpo, park, bukit, national, contaminated, products, eof, tiger, tesso",milieudefensie sdi legal case lodgedby several members butaw seeking challenge dismissal gvl employeddelaying tacticsto deny thecommunity members right heard well right fair fast trial actions gvl caused disproportionate costs tothe plaintiffs complainants looking gar major investor gvl intervenein timely manner promote protect ensure rights indigenous customary communities gvl workers,False,1,0,0,0,0,0,1,0.06,0.03,0.24,0.06,0.02,0.6
106,5,0.39,"ffb, cpo, park, bukit, national, contaminated, products, eof, tiger, tesso",allegations 1 coles labelling packs product contains either certified sustainable sustainable approved audits 2 coles ceases respond investigation requests official audit certificates 3 coles use close 1 000 contract manufacturers using would impossible certifications claims correct around 100 certified manufacturers australia undergone official audits majority manufacturers contracted coles 4 misleading corporate claims website,False,2,0,0,1,0,0,1,0.11,0.03,0.39,0.06,0.02,0.39
68,5,0.92,"ffb, cpo, park, bukit, national, contaminated, products, eof, tiger, tesso",1 sourcing ffb unsustainable origin 2 failure conduct sia,False,1,0,0,0,0,0,1,0.02,0.01,0.03,0.01,0.01,0.92
227,5,0.99,"ffb, cpo, park, bukit, national, contaminated, products, eof, tiger, tesso",eof claimed gar purchased ffb illegally grown harvested cpo contaminated ffb cpo products contaminated cpo eof issued another 8 6 18 alleging number sourcing ffb tesso nilo national park bukit tigapuluh national park bukit betabuh tiger corridor,False,1,0,0,0,0,0,1,0.0,0.0,0.0,0.0,0.0,0.99
373,5,0.68,"ffb, cpo, park, bukit, national, contaminated, products, eof, tiger, tesso",public case released september 2018,False,1,0,0,0,0,0,1,0.05,0.02,0.18,0.05,0.01,0.68
81,5,0.56,"ffb, cpo, park, bukit, national, contaminated, products, eof, tiger, tesso",golden veroleum liberia majority owned subsidiary gar withdrawn complaints upheld cp appeal complaint directed majority owner gar publicly endorsed withdrawal gvl,False,1,0,0,0,0,0,1,0.06,0.03,0.26,0.07,0.02,0.56
102,5,0.82,"ffb, cpo, park, bukit, national, contaminated, products, eof, tiger, tesso",western pacific oils claimed purchasing mb shortening moi foods moi foods clarified wpo supplier,False,1,0,0,0,0,0,1,0.04,0.02,0.07,0.03,0.02,0.82
370,5,0.82,"ffb, cpo, park, bukit, national, contaminated, products, eof, tiger, tesso",non compliant products alas kusuma enter wilmar’s supply chain suppliers,False,1,0,0,0,0,0,1,0.04,0.02,0.07,0.03,0.02,0.82
355,5,0.83,"ffb, cpo, park, bukit, national, contaminated, products, eof, tiger, tesso",non compliant products indo alam enter wilmar’s supply chain supplier teupin lada,False,1,0,0,0,0,0,1,0.04,0.02,0.06,0.03,0.02,0.83
374,5,0.66,"ffb, cpo, park, bukit, national, contaminated, products, eof, tiger, tesso",public case released september 2018,False,1,0,0,0,0,0,1,0.05,0.02,0.2,0.05,0.01,0.66
375,5,0.69,"ffb, cpo, park, bukit, national, contaminated, products, eof, tiger, tesso",public case released september 2018,False,1,0,0,0,0,0,1,0.05,0.02,0.18,0.05,0.01,0.69
194,5,1.0,"ffb, cpo, park, bukit, national, contaminated, products, eof, tiger, tesso",eof claims gar purchased ffb illegally grown harvested cpo contaminated ffb cpo products contaminated cpo eof issued alleging number sourced ffb tesso nilo national park bukit tigapuluh national park bukit betabuh tiger corridor,False,1,0,0,0,0,0,1,0.0,0.0,0.0,0.0,0.0,1.0
226,5,0.98,"ffb, cpo, park, bukit, national, contaminated, products, eof, tiger, tesso",eof claimed gar purchased ffb illegally grown harvested cpo contaminated ffb cpo products contaminated cpo eof issued another 8 6 18 alleging number sourced ffb tesso nilo national park bukit tigapuluh national park bukit betabuh tiger corridor,False,1,0,0,0,0,0,1,0.0,0.0,0.01,0.0,0.0,0.98
346,5,0.81,"ffb, cpo, park, bukit, national, contaminated, products, eof, tiger, tesso",non compliant products yp plantation holdings sdn bhd ypph enter wilmar supply chain suppliers,False,1,0,0,0,0,0,1,0.04,0.02,0.07,0.03,0.02,0.81
371,5,0.8,"ffb, cpo, park, bukit, national, contaminated, products, eof, tiger, tesso",non compliant products enter wilmar supply chain supplier pundi lahan khatulistiwa,False,1,0,0,0,0,0,1,0.05,0.02,0.08,0.04,0.02,0.8
193,5,0.99,"ffb, cpo, park, bukit, national, contaminated, products, eof, tiger, tesso",eof claimed gar purchased ffb illegally grown harvested cpo contaminated ffb cpo products contaminated cpo,False,1,0,0,0,0,0,1,0.0,0.0,0.0,0.0,0.0,0.99
